customer_id,store_id,first_name,email,address_id,last_update
776,1,Michael Morgan,ichavez@example.com,860,2024-06-28 14:06:38
777,1,Christopher Mitchell,garretthensley@example.org,861,2024-06-28 14:06:46
778,1,Jody Robbins,yangrachel@example.net,862,2024-06-28 14:06:54
779,1,Jon Smith,michele58@example.net,863,2024-06-28 14:06:59
780,1,Terri Avila,ubarrett@example.com,864,2024-06-28 14:07:09
781,1,Dr. Anthony Frost,kellyhicks@example.net,865,2024-06-28 14:07:14
782,1,Alicia Smith,vlee@example.net,866,2024-06-28 14:07:22
783,1,Richard Tucker,susanlee@example.com,867,2024-06-28 14:07:31
784,1,Janice Hansen,clintongreene@example.net,868,2024-06-28 14:07:40
785,1,Leroy Hendricks,ryanelliott@example.org,869,2024-06-28 14:07:47
786,1,Dennis Watson,jeremiahpayne@example.com,869,2024-06-28 14:34:49
787,1,Lee Cantrell,arnoldsteve@example.com,870,2024-06-28 14:34:54
788,1,Breanna Peterson,stephanie68@example.com,871,2024-06-28 14:35:03
789,1,Monica Bates,kcastillo@example.org,872,2024-06-28 14:35:09
790,1,Jennifer Garcia,rrose@example.com,873,2024-06-28 14:35:15
791,1,Crystal Black,ehaynes@example.net,874,2024-06-28 14:35:22
792,1,James King,bcampbell@example.org,875,2024-06-28 14:35:30
793,1,Sandra Thompson,dhuang@example.com,876,2024-06-28 14:35:38
794,1,Donna Weaver,kimberlywong@example.org,877,2024-06-28 14:35:44
795,1,Jasmine Lopez,harrisbrett@example.com,878,2024-06-28 14:35:53
896,1,Gabriela Gomez,abean@example.net,977,2024-06-28 15:10:41
897,1,Maria Jensen,marthamcmahon@example.org,978,2024-06-28 15:10:50
898,1,Danielle Moss,ybaker@example.net,979,2024-06-28 15:10:58
899,1,Kimberly Mcconnell,jeanettenelson@example.org,980,2024-06-28 15:11:04
900,1,Jerry Hanna,mariacervantes@example.com,981,2024-06-28 15:11:10
901,1,Melissa Johnson,parkerwanda@example.net,982,2024-06-28 15:11:16
902,1,Amanda Ware,jasonsmith@example.net,983,2024-06-28 15:11:25
903,1,Judith Jones,robinsonpaul@example.net,984,2024-06-28 15:11:30
904,1,Henry Lewis,martinezbrandi@example.com,985,2024-06-28 15:11:36
905,1,Megan Gibson,marquezkathleen@example.net,986,2024-06-28 15:11:44
906,1,Tiffany Terry,schultzpeggy@example.net,987,2024-06-28 15:11:51
907,1,Sylvia Goodwin,brendanjackson@example.net,988,2024-06-28 15:11:56
908,1,Beverly Hudson,sarah58@example.com,989,2024-06-28 15:12:03
909,1,Stacy Larsen,mitchellanderson@example.com,990,2024-06-28 15:12:11
910,1,Shawn Carter,alexandra29@example.com,991,2024-06-28 15:12:19
911,1,David Smith,autumn69@example.org,992,2024-06-28 15:12:26
912,1,Alexander Scott,neilmorrison@example.com,993,2024-06-28 15:12:32
913,1,Laura Ellis,wellscolleen@example.com,994,2024-06-28 15:12:41
914,1,Marissa Perez,shelbymccann@example.org,995,2024-06-28 15:12:46
915,1,Christina Sullivan,cryan@example.org,996,2024-06-28 15:12:55
916,1,Kimberly Sullivan,sharon32@example.net,997,2024-06-28 15:13:02
917,1,Kathryn Sherman,sherimora@example.net,998,2024-06-28 15:13:08
918,1,James Cruz,michaelwalters@example.net,999,2024-06-28 15:13:17
919,1,Shane Ray,yvaldez@example.com,1000,2024-06-28 15:13:23
920,1,Megan Olson,stephanie12@example.net,1001,2024-06-28 15:13:29
921,1,Christian Fernandez,jamesharris@example.net,1002,2024-06-28 15:13:37
922,1,Tracy Dominguez,martinjeffrey@example.org,1003,2024-06-28 15:13:45
923,1,Brian Burke,ryanhooper@example.net,1004,2024-06-28 15:13:53
924,1,Nicholas Morris,ramosjo@example.com,1005,2024-06-28 15:14:02
925,1,Derek Vaughan,clarkamanda@example.org,1006,2024-06-28 15:14:09
926,1,Kristin Montgomery,stevenconley@example.org,1007,2024-06-28 15:14:18
927,1,Cory Sanchez,jacqueline43@example.org,1008,2024-06-28 15:14:27
928,1,Bobby Hudson,yrobles@example.com,1009,2024-06-28 15:14:34
929,1,Mario Powell,erica61@example.com,1010,2024-06-28 15:14:40
930,1,Kevin Allen,doylejason@example.net,1011,2024-06-28 15:14:49
931,1,Kevin Stevens,robert27@example.net,1012,2024-06-28 15:14:57
932,1,Anthony Sherman,joshua18@example.org,1013,2024-06-28 15:15:03
933,1,Ms. Melissa Henson,drodriguez@example.com,1014,2024-06-28 15:15:08
934,1,Anthony Torres,irosario@example.org,1015,2024-06-28 15:15:15
935,1,Brandon Jones,nicholasmoses@example.net,1016,2024-06-28 15:15:21
936,1,Andrew Jackson,mortonnoah@example.com,1017,2024-06-28 15:15:30
937,1,Jeffrey Mitchell,brendan41@example.com,1018,2024-06-28 15:15:36
938,1,Jeffery Benson,uvelazquez@example.net,1019,2024-06-28 15:15:41
939,1,Derrick Combs,amberyoung@example.net,1020,2024-06-28 15:15:48
940,1,Marie Munoz,qriggs@example.com,1021,2024-06-28 15:15:55
941,1,Maria Walker DDS,jharrison@example.com,1022,2024-06-28 15:16:00
942,1,Kathryn Cooper,wnguyen@example.org,1023,2024-06-28 15:16:07
943,1,Samantha Cuevas,amberstewart@example.com,1024,2024-06-28 15:16:13
944,1,Christian Moore,mary05@example.org,1025,2024-06-28 15:16:19
945,1,Tara Bell,umunoz@example.org,1026,2024-06-28 15:16:24
946,1,April Kennedy,fmoreno@example.com,1027,2024-06-28 15:16:31
947,1,Alan Rasmussen,joshuarodriguez@example.net,1028,2024-06-28 15:16:40
948,1,Frederick Brown,lvelez@example.org,1029,2024-06-28 15:16:46
949,1,Lauren Roy,elizabeth53@example.org,1030,2024-06-28 15:16:52
950,1,Cody Frazier,jacksoncarly@example.com,1031,2024-06-28 15:17:00
951,1,Jeffrey Taylor,williamrodriguez@example.org,1032,2024-06-28 15:17:08
952,1,Paul Hayes,anthony18@example.net,1033,2024-06-28 15:17:13
953,1,Ronald Merritt,wsmith@example.net,1034,2024-06-28 15:17:20
954,1,Brent Williams,ortizronald@example.org,1035,2024-06-28 15:17:29
955,1,Candice Richards,kaitlynrichmond@example.net,1036,2024-06-28 15:17:36
956,1,Devin White,brianna10@example.net,1037,2024-06-28 15:17:42
957,1,Harold Perkins,michael35@example.com,1038,2024-06-28 15:17:47
958,1,Eric Reyes,cody26@example.com,1039,2024-06-28 15:17:52
959,1,Darrell Bishop,amanda50@example.com,1040,2024-06-28 15:17:59
960,1,Robert Cisneros,crivas@example.org,1041,2024-06-28 15:18:07
961,1,Cameron Duran,donaldwells@example.org,1042,2024-06-28 15:18:15
962,1,Meredith Jones,reidcathy@example.net,1043,2024-06-28 15:18:22
963,1,Natalie Morris,terrance34@example.org,1044,2024-06-28 15:18:28
964,1,Randall Johnson,allenphilip@example.org,1045,2024-06-28 15:18:37
965,1,Scott Foster,davidcook@example.net,1046,2024-06-28 15:18:46
966,1,Jamie Lucero,mark77@example.org,1047,2024-06-28 15:18:55
967,1,Leah Hunter,michelle51@example.com,1048,2024-06-28 15:19:01
968,1,Mary Lozano,nicole28@example.com,1049,2024-06-28 15:19:06
969,1,Lisa Pearson,katherine11@example.com,1050,2024-06-28 15:19:13
970,1,Craig Nelson,hgolden@example.org,1051,2024-06-28 15:19:18
971,1,Kathleen Moore,amanda77@example.com,1052,2024-06-28 15:19:24
972,1,Shelley Newman,hsmith@example.net,1053,2024-06-28 15:19:31
973,1,Mary White,robertserrano@example.com,1054,2024-06-28 15:19:36
974,1,Michelle Johnson,moorerobert@example.org,1055,2024-06-28 15:19:41
975,1,Jordan Hahn,stephen59@example.net,1056,2024-06-28 15:19:49
976,1,Rachel Williams,jessicawise@example.net,1057,2024-06-28 15:19:57
977,1,Joseph Moran,murphyjacob@example.net,1058,2024-06-28 15:20:05
978,1,James Hughes,emilysimmons@example.net,1059,2024-06-28 15:20:11
979,1,David Garcia,qbanks@example.com,1060,2024-06-28 15:20:20
980,1,Matthew Strickland,justinaguilar@example.net,1061,2024-06-28 15:20:26
981,1,Christy Russell,april79@example.net,1062,2024-06-28 15:20:34
982,1,John Bates,whiteshawna@example.net,1063,2024-06-28 15:20:43
983,1,Ryan Haynes,josephross@example.org,1064,2024-06-28 15:20:51
984,1,Aaron Velazquez,alisonhill@example.org,1065,2024-06-28 15:20:59
985,1,Kristin Sampson,nicholasboone@example.net,1066,2024-06-28 15:21:05
986,1,James Mueller,michael25@example.org,1067,2024-06-28 15:21:10
987,1,Karina Wagner,shortnicole@example.com,1068,2024-06-28 15:21:17
988,1,Robert Martinez,vcummings@example.net,1069,2024-06-28 15:21:25
989,1,Cynthia Jenkins,bryantshannon@example.com,1070,2024-06-28 15:21:34
990,1,Sarah Berry,rebeccapeterson@example.org,1071,2024-06-28 15:21:42
991,1,Kendra Barrett,rmendoza@example.com,1072,2024-06-28 15:21:50
992,1,Miranda Small,ihancock@example.org,1073,2024-06-28 15:21:59
993,1,Amanda Barnes,kelly29@example.com,1074,2024-06-28 15:22:08
994,1,Michelle Cain,kjohnson@example.org,1075,2024-06-28 15:22:14
995,1,Rachel Morris,fadams@example.net,1076,2024-06-28 15:22:22
996,1,Lori Davis,derrick89@example.com,1076,2024-06-28 15:34:11
997,1,Tara Powell,latasha28@example.net,1077,2024-06-28 15:34:17
998,1,Beth Lynch,pamelagutierrez@example.com,1078,2024-06-28 15:34:27
999,1,Mark Rivera,williamjackson@example.com,1079,2024-06-28 15:34:32
1000,1,John Reid,brian85@example.org,1080,2024-06-28 15:34:37
1001,1,Erin Chapman,rconner@example.com,1081,2024-06-28 15:34:45
1002,1,Nicole Taylor,taylorpreston@example.com,1082,2024-06-28 15:34:50
1003,1,Raymond Cruz,teresa15@example.com,1083,2024-06-28 15:34:56
1004,1,Savannah Gordon,jacob34@example.net,1084,2024-06-28 15:35:02
1005,1,Amanda Meyer,millermarie@example.org,1085,2024-06-28 15:35:09
1006,1,Donna Mays,jmckenzie@example.net,1086,2024-06-28 15:35:17
1007,1,Jeffrey Lyons,april37@example.net,1087,2024-06-28 15:35:24
1008,1,Joseph Bright,gregory36@example.net,1088,2024-06-28 15:35:32
1009,1,Brenda Harrison,lonniewilliams@example.org,1089,2024-06-28 15:35:39
1010,1,Daniel Bennett DDS,patriciadunn@example.com,1090,2024-06-28 15:35:46
1011,1,George Miller,jennifer99@example.net,1091,2024-06-28 15:35:54
1012,1,Wendy Beck,cindywood@example.net,1092,2024-06-28 15:36:02
1013,1,Steven Martin,garciacaitlin@example.org,1093,2024-06-28 15:36:09
1014,1,Wayne Carter,tracyharrison@example.net,1094,2024-06-28 15:36:17
1015,1,Anthony Gonzales,samanthaharvey@example.net,1095,2024-06-28 15:36:24
1016,1,Travis Wilcox,jmarshall@example.org,1096,2024-06-28 15:36:33
1017,1,Daniel Kelly,ryan01@example.com,1097,2024-06-28 15:36:39
1018,1,Tricia Smith,psilva@example.org,1098,2024-06-28 15:36:47
1019,1,Alejandro Potter,wandathompson@example.com,1099,2024-06-28 15:36:54
1020,1,Lori Harris,michellethomas@example.org,1100,2024-06-28 15:37:03
1021,1,Patricia Gutierrez,michelle06@example.org,1101,2024-06-28 15:37:08
1022,1,James Evans,matthewpittman@example.net,1102,2024-06-28 15:37:16
1023,1,Kimberly Adams DDS,jessica25@example.com,1103,2024-06-28 15:37:22
1024,1,Kimberly Brown,brianjensen@example.org,1104,2024-06-28 15:37:30
1025,1,Daniel Ortiz,joshuamartin@example.com,1105,2024-06-28 15:37:39
1026,1,Brian Evans,owalker@example.com,1106,2024-06-28 15:37:48
1027,1,Derek Thomas,underwoodscott@example.net,1107,2024-06-28 15:37:53
1028,1,James Pacheco,douglaswhite@example.org,1108,2024-06-28 15:37:59
1029,1,Alexander Green,matthew22@example.com,1109,2024-06-28 15:38:07
1030,1,Jonathan Caldwell,wrightlogan@example.com,1110,2024-06-28 15:38:13
1031,1,Lisa Garcia,williamwebb@example.com,1111,2024-06-28 15:38:18
1032,1,Mark Bowers,nicholasballard@example.com,1112,2024-06-28 15:38:25
1033,1,Jessica Reeves,fhayes@example.org,1113,2024-06-28 15:38:32
1034,1,Misty Ray,ihughes@example.com,1114,2024-06-28 15:38:41
1035,1,Richard Coleman DDS,russellalvarez@example.org,1115,2024-06-28 15:38:50
1036,1,Victor Thompson,hardychristian@example.org,1116,2024-06-28 15:38:59
1037,1,Hunter Nelson,cassidyramirez@example.org,1117,2024-06-28 15:39:04
1038,1,Melissa Richardson,felicia44@example.net,1118,2024-06-28 15:39:13
1039,1,Brandon Murphy,lauren35@example.net,1119,2024-06-28 15:39:18
1040,1,Danielle Sandoval,langalexander@example.com,1120,2024-06-28 15:39:23
1041,1,David Ingram,wilsonjason@example.org,1121,2024-06-28 15:39:32
1042,1,Michael Bennett,nicolepowell@example.com,1122,2024-06-28 15:39:40
1043,1,Jasmine Allen,qwilson@example.org,1123,2024-06-28 15:39:48
1044,1,Jennifer Cunningham,bonnie56@example.com,1124,2024-06-28 15:39:56
1045,1,Mary Brown,williammoore@example.net,1125,2024-06-28 15:40:01
1046,1,Anthony Long Jr.,dana06@example.net,1126,2024-06-28 15:40:09
1047,1,Hannah Huffman,colemanmicheal@example.com,1127,2024-06-28 15:40:15
1048,1,Tyler Garcia,nicholasscott@example.org,1128,2024-06-28 15:40:23
1049,1,Jeffery Salazar,nelsonruben@example.org,1129,2024-06-28 15:40:30
1050,1,Robert Smith,barajastammy@example.org,1130,2024-06-28 15:40:35
1051,1,Cheryl Hall,bishoptracy@example.com,1131,2024-06-28 15:40:40
1052,1,Betty Webb,kyates@example.com,1132,2024-06-28 15:40:46
1053,1,Donna Dougherty,lucasmelissa@example.org,1133,2024-06-28 15:40:52
1054,1,William Kramer,paul68@example.net,1134,2024-06-28 15:40:57
1055,1,Julie Griffith,xramos@example.net,1135,2024-06-28 15:41:03
1056,1,Peter Ray,halleric@example.org,1136,2024-06-28 15:41:10
1057,1,Hannah Duran,alicia48@example.com,1137,2024-06-28 15:41:15
1058,1,Angela Rodriguez,jerome44@example.org,1138,2024-06-28 15:41:22
1059,1,Matthew Holland,alvaradohenry@example.com,1139,2024-06-28 15:41:30
1060,1,Jasmine Stark,urodriguez@example.org,1140,2024-06-28 15:41:35
1061,1,Richard Whitehead,srichard@example.net,1141,2024-06-28 15:41:41
1062,1,Jason Brown,jessica82@example.net,1142,2024-06-28 15:41:46
1063,1,Barbara Cole,steven75@example.com,1143,2024-06-28 15:41:51
1064,1,Lisa Mcknight,tinagordon@example.net,1144,2024-06-28 15:41:57
1065,1,David Chavez,halldavid@example.com,1145,2024-06-28 15:42:03
1066,1,Theresa Patel,millerjim@example.org,1146,2024-06-28 15:42:08
1067,1,Katherine Terrell,reyesjonathan@example.com,1147,2024-06-28 15:42:17
1068,1,Sabrina Patel,swalker@example.org,1148,2024-06-28 15:42:26
1069,1,Gerald Cooper,kadkins@example.net,1149,2024-06-28 15:42:32
1070,1,Emily Castaneda,jeffrey85@example.net,1150,2024-06-28 15:42:40
1071,1,Donald Martin,ericapatterson@example.org,1151,2024-06-28 15:42:46
1072,1,Cynthia Gibbs,david11@example.org,1152,2024-06-28 15:42:54
1073,1,Lawrence Watson,thomas67@example.com,1153,2024-06-28 15:43:00
1074,1,Laura Mendoza,griffithryan@example.net,1154,2024-06-28 15:43:07
1075,1,Erika Dyer,nicole92@example.com,1155,2024-06-28 15:43:16
1076,1,Tracey Roberts,clinton68@example.com,1156,2024-06-28 15:43:21
1077,1,Shane Newton,joseph30@example.net,1157,2024-06-28 15:43:30
1078,1,Heather Stevens,ramosmark@example.net,1158,2024-06-28 15:43:38
1079,1,Kathy Morgan,david89@example.org,1159,2024-06-28 15:43:43
1080,1,Jasmine Hardy,howardnicole@example.org,1160,2024-06-28 15:43:50
1081,1,Cheryl Glover,mark37@example.net,1161,2024-06-28 15:43:56
1082,1,Kelly Sims,hward@example.net,1162,2024-06-28 15:44:03
1083,1,Megan Fields,vcohen@example.net,1163,2024-06-28 15:44:09
1084,1,Nathan Murray,iandersen@example.net,1164,2024-06-28 15:44:18
1085,1,Jeffrey Wilson,montgomeryjohn@example.net,1165,2024-06-28 15:44:23
1086,1,Lindsay Hoffman,jane27@example.org,1166,2024-06-28 15:44:30
1087,1,Kevin Ellis,whitejennifer@example.org,1167,2024-06-28 15:44:38
1088,1,Richard Arnold,amybrown@example.net,1168,2024-06-28 15:44:44
1089,1,Thomas Rojas,gary32@example.com,1169,2024-06-28 15:44:53
1090,1,Brian Sanders,amybenson@example.org,1170,2024-06-28 15:45:02
1091,1,Michael Stephenson,jennifermorgan@example.net,1171,2024-06-28 15:45:11
1092,1,Felicia Grant,matthewmason@example.org,1172,2024-06-28 15:45:16
1093,1,Alison Alexander,coryyoung@example.org,1173,2024-06-28 15:45:24
1094,1,Susan Molina,richard42@example.com,1174,2024-06-28 15:45:29
1095,1,Amber Hill,apadilla@example.com,1175,2024-06-28 15:45:38
1102,2,Jessica White,dlee@example.com,1178,2024-06-28 16:08:15
1103,1,James Wilson,martinezgary@example.com,1179,2024-06-28 16:08:21
1104,1,Joshua Graham,iwells@example.net,1180,2024-06-28 16:08:29
1105,1,Jonathan Fleming,mcguiredennis@example.net,1181,2024-06-28 16:08:37
1106,2,Bruce White,dustin86@example.net,1182,2024-06-28 16:08:44
1107,1,Willie Graves,anthony21@example.org,1183,2024-06-28 16:08:52
1108,2,Barbara Jones,devinsmith@example.com,1184,2024-06-28 16:09:01
1109,2,Elizabeth Woods,lauraevans@example.com,1185,2024-06-28 16:09:06
1110,2,Mark White,cassandraforbes@example.net,1186,2024-06-28 16:09:14
1111,2,Mr. Michael Fox,kristimartinez@example.net,1187,2024-06-28 16:09:19
1112,2,Erin Russo,davisdavid@example.org,1188,2024-06-28 16:09:29
1113,2,Jill Fernandez,emmaoneill@example.net,1189,2024-06-28 16:09:35
1114,2,Justin Barr,jose68@example.org,1190,2024-06-28 16:09:41
1115,1,Jason Lopez,marktaylor@example.net,1191,2024-06-28 16:09:47
1116,1,Kimberly Phillips,warrenwayne@example.org,1192,2024-06-28 16:09:56
1117,1,Jonathan Bell,nancy74@example.com,1193,2024-06-28 16:10:01
1118,1,Ashley Anderson,kimberlysanchez@example.org,1194,2024-06-28 16:10:07
1119,2,Marilyn Douglas,sean80@example.com,1195,2024-06-28 16:10:14
1120,2,Betty Johnson,andrewgarcia@example.net,1196,2024-06-28 16:10:23
1121,2,Matthew Olson,mlewis@example.com,1197,2024-06-28 16:10:32
1122,1,Taylor Clark,psmith@example.net,1197,2024-07-01 12:11:53
1123,1,Christopher Cox,woodscindy@example.com,1198,2024-07-01 12:11:58
1124,1,Marcus Griffin,bryan20@example.com,1199,2024-07-01 12:12:04
1125,2,Jennifer Dominguez,robertbanks@example.com,1200,2024-07-01 12:12:09
1126,2,Christopher Johnson,bdecker@example.org,1201,2024-07-01 12:12:15
1127,2,Kimberly Shannon,rogerschad@example.com,1202,2024-07-01 12:12:20
1128,1,Tiffany Adams,victoria83@example.com,1203,2024-07-01 12:12:29
1129,1,Stephen Hernandez,rbryant@example.org,1204,2024-07-01 12:12:36
1130,1,Kelly Branch,wharris@example.com,1205,2024-07-01 12:12:44
1131,1,Kaitlyn Franklin,gina24@example.com,1206,2024-07-01 12:12:52
1132,2,Michael Hooper,colemanheidi@example.com,1207,2024-07-01 12:13:00
1133,2,Michelle Stewart,whitakerdavid@example.net,1208,2024-07-01 12:13:05
1134,2,Amber Benson,tpark@example.net,1209,2024-07-01 12:13:12
1135,1,Michael Jackson,julie30@example.net,1210,2024-07-01 12:13:20
1136,2,Kyle Walker,bradleybradley@example.com,1211,2024-07-01 12:13:29
1137,2,Christina Flores,derekortiz@example.net,1212,2024-07-01 12:13:34
1138,1,Kayla Salinas,omarclarke@example.org,1213,2024-07-01 12:13:43
1139,1,Joseph Richardson,vrose@example.com,1214,2024-07-01 12:13:48
1140,2,Cassandra Garcia,danielharrison@example.org,1215,2024-07-01 12:13:54
1141,1,Crystal Deleon,rkaiser@example.org,1216,2024-07-01 12:14:03
1164,2,Mary Wilson,davidsmith@example.com,1236,2024-07-01 12:48:28
1165,1,Jeremy Sims,gblack@example.com,1237,2024-07-01 12:48:37
1166,2,Heidi Munoz,lisa07@example.com,1238,2024-07-01 12:48:44
1167,2,Jessica Davis,williamwalton@example.org,1239,2024-07-01 12:48:49
1168,2,Andrew Hicks,larasteven@example.org,1240,2024-07-01 12:48:56
1169,2,Crystal Daniel,romeromark@example.com,1241,2024-07-01 12:49:04
1170,2,Kristi Bradley,nancy04@example.net,1242,2024-07-01 12:49:12
1171,2,Mark Howard,robinsonlawrence@example.com,1243,2024-07-01 12:49:19
1172,2,Brenda Lynn,aaron10@example.com,1244,2024-07-01 12:49:28
1173,1,Barbara Vaughn,isimmons@example.org,1245,2024-07-01 12:49:35
1174,1,Logan Jackson,michael69@example.net,1246,2024-07-01 12:49:43
1175,2,Jean Mills,dmcbride@example.net,1247,2024-07-01 12:49:52
1176,2,Billy Orozco,beth92@example.net,1248,2024-07-01 12:49:58
1177,2,Jennifer Hernandez,itaylor@example.com,1249,2024-07-01 12:50:07
1178,1,Kimberly Wright,karias@example.com,1250,2024-07-01 12:50:12
1179,1,Cynthia Miller,andrea36@example.org,1251,2024-07-01 12:50:20
1180,2,Adam Rivera,ymartin@example.net,1252,2024-07-01 12:50:28
1181,1,David Abbott,williamsthomas@example.com,1253,2024-07-01 12:50:33
1182,2,Michael Williams DVM,rtaylor@example.org,1254,2024-07-01 12:50:41
1183,1,Brett Anderson,vincent72@example.org,1255,2024-07-01 12:50:48
1184,2,Micheal Williams,elizabeth85@example.org,1255,2024-07-01 12:51:41
1185,2,Wanda Navarro,hernandezcraig@example.net,1256,2024-07-01 12:51:47
1186,1,Tina Hanson,jenny28@example.net,1257,2024-07-01 12:51:53
1187,1,Danny Smith,mooreelizabeth@example.org,1258,2024-07-01 12:52:01
1188,1,Matthew Floyd,michael37@example.org,1259,2024-07-01 12:52:10
1189,1,Mandy Watson,jenniferhernandez@example.org,1260,2024-07-01 12:52:18
1190,2,Cynthia Porter,kimberlyrodriguez@example.org,1261,2024-07-01 12:52:26
1191,2,Bryan Noble,jknight@example.org,1262,2024-07-01 12:52:34
1192,2,David Garcia,ctran@example.org,1263,2024-07-01 12:52:43
1193,2,Scott Zamora,carlossmith@example.net,1264,2024-07-01 12:52:50
1194,1,Mr. Michael Lee DDS,wilsonchristopher@example.org,1265,2024-07-01 12:52:59
1195,1,David Castro,keith37@example.com,1266,2024-07-01 12:53:05
1196,1,Rachel Woods,jessica19@example.org,1267,2024-07-01 12:53:12
1197,2,Bradley Ramos,afinley@example.net,1268,2024-07-01 12:53:21
1198,2,Jessica Lang,vegalinda@example.com,1269,2024-07-01 12:53:30
1199,1,Mark Hobbs,brooksalejandra@example.com,1270,2024-07-01 12:53:39
1200,1,Karla Mcmahon MD,teresa49@example.com,1271,2024-07-01 12:53:47
1201,2,Aaron Whitehead,ddavis@example.com,1272,2024-07-01 12:53:55
1202,1,Gina Smith,matthewmarshall@example.org,1273,2024-07-01 12:54:01
1203,2,Gabrielle Adams,andrewcrawford@example.net,1274,2024-07-01 12:54:07
1204,1,Jessica Farmer,wbradford@example.org,1274,2024-07-01 12:58:16
1205,2,Cassandra Underwood,jennifercordova@example.org,1275,2024-07-01 12:58:25
1206,2,Jason Taylor,gmartinez@example.com,1276,2024-07-01 12:58:33
1207,2,Lindsey Walker,briana79@example.net,1277,2024-07-01 12:58:41
1208,1,Angelica Rogers,tcastillo@example.com,1278,2024-07-01 12:58:46
1209,2,Pamela Scott,david28@example.com,1279,2024-07-01 12:58:55
1210,2,Michelle Lee,brookejohnson@example.org,1280,2024-07-01 12:59:03
1211,2,Thomas Stark,perezlauren@example.net,1281,2024-07-01 12:59:10
1212,1,James Norris,michael48@example.org,1282,2024-07-01 12:59:17
1213,2,Bradley Adams,arthur47@example.com,1283,2024-07-01 12:59:26
1214,1,Donna Jacobs,asanchez@example.net,1284,2024-07-01 12:59:32
1215,2,Michael Stone,dmorris@example.com,1285,2024-07-01 12:59:41
1216,2,Jane Dixon,amanda13@example.net,1286,2024-07-01 12:59:48
1217,2,Kristine Moore,sherry43@example.org,1287,2024-07-01 12:59:54
1218,2,Colleen Douglas,rocharicky@example.com,1288,2024-07-01 13:00:02
1219,2,Frank Greer,joneswilliam@example.org,1289,2024-07-01 13:00:12
1220,2,Sierra Chang,michelle31@example.net,1290,2024-07-01 13:00:21
1221,2,Jenna Mendoza,kimberlynelson@example.net,1291,2024-07-01 13:00:27
1222,2,Margaret Henderson,jeffery62@example.com,1292,2024-07-01 13:00:33
1223,1,John Turner,hessjennifer@example.net,1293,2024-07-01 13:00:38
1244,2,Marissa Moore,johnhunt@example.com,1312,2024-07-01 13:24:47
1245,1,Jeff White,kathleenfisher@example.org,1313,2024-07-01 13:24:56
1246,1,William Cisneros,william84@example.net,1314,2024-07-01 13:25:03
1247,1,Anthony Parker,suzanneolson@example.com,1315,2024-07-01 13:25:10
1248,1,Aaron Francis,wellssteve@example.com,1316,2024-07-01 13:25:17
1249,2,Alyssa Armstrong,lawrence18@example.net,1317,2024-07-01 13:25:23
1250,1,Katherine Roberts,murillorobin@example.com,1318,2024-07-01 13:25:31
1251,1,Donald Briggs,christopher88@example.net,1319,2024-07-01 13:25:40
1252,1,Charles Lee,lingram@example.net,1320,2024-07-01 13:25:46
1253,2,Jennifer Williams,denise99@example.net,1321,2024-07-01 13:25:52
1254,2,Alison Garcia,danielsandrea@example.org,1322,2024-07-01 13:25:59
1255,2,Mark Ford,heather72@example.net,1323,2024-07-01 13:26:05
1256,2,Michelle Gibbs,hillcolin@example.com,1324,2024-07-01 13:26:13
1257,1,Matthew Martinez,amy35@example.com,1325,2024-07-01 13:26:19
1258,2,Thomas Watson,jfowler@example.org,1326,2024-07-01 13:26:25
1259,1,Brandon Murphy,livingstonrachel@example.org,1327,2024-07-01 13:26:33
1260,1,Michael Gutierrez,anthony10@example.net,1328,2024-07-01 13:26:42
1261,1,Melissa Miles,stephaniejones@example.org,1329,2024-07-01 13:26:48
1262,2,Julia Hensley,charlottedixon@example.org,1330,2024-07-01 13:26:57
1263,1,Robert Davis,hernandezsteven@example.org,1331,2024-07-01 13:27:03
1264,1,Melissa Holder,xhickman@example.net,1331,2024-07-01 13:29:46
1265,2,Bobby Nguyen,amckenzie@example.com,1332,2024-07-01 13:29:53
1266,1,Joseph Mendez,caitlin38@example.com,1333,2024-07-01 13:30:00
1267,1,David Miller,rpatrick@example.org,1334,2024-07-01 13:30:09
1268,1,Nicole Kelley,jdyer@example.org,1335,2024-07-01 13:30:16
1269,1,John Hanson,meganpena@example.net,1336,2024-07-01 13:30:26
1270,2,Colton Ferguson PhD,garyhart@example.net,1337,2024-07-01 13:30:34
1271,1,Angela Montgomery,jfleming@example.com,1338,2024-07-01 13:30:43
1272,2,Miguel Herrera,anthony57@example.com,1339,2024-07-01 13:30:48
1273,1,John Morris,zsimon@example.net,1340,2024-07-01 13:30:55
1274,2,Jennifer Johnson,robertsongary@example.org,1341,2024-07-01 13:31:03
1275,1,Jason Jones,mahoneyjacqueline@example.net,1342,2024-07-01 13:31:09
1276,1,Mitchell Rodriguez,sandy11@example.org,1343,2024-07-01 13:31:17
1277,2,Robin Smith,ofinley@example.com,1344,2024-07-01 13:31:25
1278,1,Carrie Clark,kimjuan@example.org,1345,2024-07-01 13:31:31
1279,2,James Flowers,allensandra@example.com,1346,2024-07-01 13:31:36
1280,1,Belinda Kelly,owilliams@example.com,1347,2024-07-01 13:31:44
1281,2,Jo Sampson,vmartin@example.org,1348,2024-07-01 13:31:49
1282,2,Connie Rivera,alyssa23@example.net,1349,2024-07-01 13:31:57
1283,1,Mrs. Diana Payne,christina58@example.net,1350,2024-07-01 13:32:03
1284,2,Mark Camacho,jamessmith@example.net,1350,2024-07-01 13:33:31
1285,1,Christopher Duarte,craig39@example.com,1351,2024-07-01 13:33:36
1286,2,Carlos Johnson,pwhite@example.org,1352,2024-07-01 13:33:44
1287,2,David Bishop,trevor38@example.org,1353,2024-07-01 13:33:50
1288,2,Victoria Wagner,henryrobert@example.com,1354,2024-07-01 13:33:57
1289,2,Wesley Williams,peggy98@example.org,1355,2024-07-01 13:34:06
1290,2,Chelsea Steele,rodriguezjerome@example.net,1356,2024-07-01 13:34:11
1291,1,Erika Woods,melissapatton@example.com,1357,2024-07-01 13:34:17
1292,1,Carly Foster,gregory91@example.com,1358,2024-07-01 13:34:23
1293,1,Lori Fischer,hbrown@example.net,1359,2024-07-01 13:34:29
1294,1,Jesse Rodriguez,laurensalinas@example.com,1360,2024-07-01 13:34:38
1295,2,Kathleen Tran,esimon@example.net,1361,2024-07-01 13:34:43
1296,2,James Powell,joshua39@example.net,1362,2024-07-01 13:34:49
1297,2,Ian Kim,oliverlaura@example.com,1363,2024-07-01 13:34:55
1298,1,James Gonzalez,agonzalez@example.com,1364,2024-07-01 13:35:03
1299,2,James Ramsey,michaelgallagher@example.net,1365,2024-07-01 13:35:08
1300,2,Stephanie Johnson,delgadoangela@example.net,1366,2024-07-01 13:35:13
1301,1,Kari Reynolds,lkirby@example.com,1367,2024-07-01 13:35:22
1302,1,Corey Carlson,pittsdylan@example.net,1368,2024-07-01 13:35:31
1303,1,Dustin Smith,wgordon@example.com,1369,2024-07-01 13:35:37
1304,2,Donna Gonzales,brandonpreston@example.org,1369,2024-07-01 13:38:11
1305,1,Howard Owens,williammccarthy@example.com,1370,2024-07-01 13:38:17
1306,2,Nancy Payne,thomassonya@example.net,1371,2024-07-01 13:38:26
1307,1,Joshua Morris,zmercer@example.com,1372,2024-07-01 13:38:31
1308,1,Kathy Ramsey,tgonzales@example.com,1373,2024-07-01 13:38:41
1309,2,Christian Norris,melindareed@example.net,1374,2024-07-01 13:38:48
1310,2,Erin Swanson,wcruz@example.net,1375,2024-07-01 13:38:53
1311,2,Jonathan Martinez DDS,hannahrose@example.com,1376,2024-07-01 13:39:01
1312,2,Kimberly Khan,todd75@example.net,1377,2024-07-01 13:39:09
1313,2,Connor Howell,imartin@example.org,1378,2024-07-01 13:39:16
1314,2,Amy Rowe,johnmiles@example.net,1379,2024-07-01 13:39:24
1315,1,Karen Hodge,nicole94@example.org,1380,2024-07-01 13:39:29
1316,1,Eric Stewart,wallacelisa@example.com,1381,2024-07-01 13:39:34
1317,2,Denise Palmer,matthewgreen@example.com,1382,2024-07-01 13:39:39
1318,2,Shawna Owens,raymond37@example.org,1383,2024-07-01 13:39:46
1319,2,Philip Thomas,craigrichards@example.net,1384,2024-07-01 13:39:53
1320,1,Samantha Smith DVM,marybecker@example.net,1385,2024-07-01 13:40:02
1321,1,Carlos Alexander,hoodkimberly@example.org,1386,2024-07-01 13:40:08
1322,1,Jerome Williams,shannon88@example.net,1387,2024-07-01 13:40:14
1323,2,Sonya Best,amy60@example.com,1388,2024-07-01 13:40:21
1324,2,Angela Cooley,mooredebra@example.com,1388,2024-07-01 13:50:44
1325,1,Michelle Collier,qjohnson@example.org,1389,2024-07-01 13:50:51
1326,1,Peter Salazar,jacqueline96@example.net,1390,2024-07-01 13:51:00
1327,1,Christopher Walton,calvin31@example.org,1391,2024-07-01 13:51:07
1328,2,Aaron Holmes,fspencer@example.com,1392,2024-07-01 13:51:15
1329,1,Rachel Berger,gsmith@example.org,1393,2024-07-01 13:51:23
1330,2,Russell Warner,upayne@example.org,1394,2024-07-01 13:51:29
1331,1,Yvonne Evans,joshuagarrett@example.net,1395,2024-07-01 13:51:35
1332,2,Timothy Carter,tannerdavid@example.com,1396,2024-07-01 13:51:41
1333,2,Christopher Davis,noliver@example.net,1397,2024-07-01 13:51:47
1334,1,Joseph Taylor,agreen@example.com,1398,2024-07-01 13:51:52
1335,2,Timothy Patel,casey51@example.org,1399,2024-07-01 13:52:00
1336,2,Kenneth White,dwalton@example.net,1400,2024-07-01 13:52:05
1337,2,Courtney Mendoza,fromero@example.org,1401,2024-07-01 13:52:11
1338,2,Michael Garcia,jennifer57@example.net,1402,2024-07-01 13:52:20
1339,2,Joseph Fleming,kroberts@example.org,1403,2024-07-01 13:52:28
1340,2,John Hutchinson,michael14@example.net,1404,2024-07-01 13:52:37
1341,2,Brandi Herman,eharper@example.org,1405,2024-07-01 13:52:45
1342,2,Susan Greene,wallkristen@example.com,1406,2024-07-01 13:52:50
1343,2,Melissa Hines,andrewfreeman@example.org,1407,2024-07-01 13:52:57
1359,2,Stephen Madden,bellrobert@example.org,1421,2024-07-01 14:06:06
1360,1,Crystal Larsen,lsullivan@example.org,1422,2024-07-01 14:06:14
1361,1,Robin Solomon,dianaandersen@example.net,1423,2024-07-01 14:06:20
1362,2,Eric Sparks,shawnaramsey@example.net,1424,2024-07-01 14:06:28
1363,1,Denise Knight,mgay@example.org,1425,2024-07-01 14:06:34
1364,2,William Lawson,markoconnor@example.org,1426,2024-07-01 14:06:43
1365,1,Andrew Rocha,williamskaren@example.org,1427,2024-07-01 14:06:49
1366,1,Mrs. Crystal Robbins DDS,masonromero@example.org,1428,2024-07-01 14:06:56
1367,2,James Riggs,rthompson@example.com,1429,2024-07-01 14:07:02
1368,2,Barbara Phillips,madison34@example.org,1430,2024-07-01 14:07:08
1369,2,Brian Anderson,nichole38@example.com,1431,2024-07-01 14:07:13
1370,1,Janet Colon,jonesmelissa@example.com,1432,2024-07-01 14:07:18
1371,1,Sarah Johnson,john50@example.com,1433,2024-07-01 14:07:25
1372,2,Kristin Blair,thompsonlisa@example.net,1434,2024-07-01 14:07:30
1373,1,Margaret Cain,james18@example.net,1435,2024-07-01 14:07:37
1374,1,David West,johnclark@example.com,1436,2024-07-01 14:07:45
1375,1,Samantha Powell,justinvalencia@example.net,1437,2024-07-01 14:07:54
1376,1,Darrell Velez,qgarcia@example.net,1438,2024-07-01 14:08:03
1377,2,Susan Hebert,cassandra62@example.com,1439,2024-07-01 14:08:08
1378,1,Stephanie Larsen,patriciabrown@example.com,1440,2024-07-01 14:08:15
1379,2,Steven Kelly,amanda04@example.com,1440,2024-07-01 14:09:21
1380,2,Erin Morgan,ahill@example.net,1441,2024-07-01 14:09:30
1381,1,Ian Powers,gwillis@example.net,1442,2024-07-01 14:09:39
1382,2,Christopher Wyatt,elliottbrittany@example.org,1443,2024-07-01 14:09:47
1383,1,Becky Nelson,ggarza@example.com,1444,2024-07-01 14:09:54
1384,1,John Thompson,josephsnyder@example.com,1445,2024-07-01 14:10:01
1385,1,Rebecca Valdez,ericdonovan@example.org,1446,2024-07-01 14:10:08
1386,1,Brett Green,sharonvilla@example.com,1447,2024-07-01 14:10:17
1387,1,Gregory Graham,bestcynthia@example.net,1448,2024-07-01 14:10:22
1388,1,John Reynolds,william92@example.org,1449,2024-07-01 14:10:27
1389,1,Oscar Dawson,lindsey43@example.net,1450,2024-07-01 14:10:35
1390,1,Jacob Barnett,xhancock@example.net,1451,2024-07-01 14:10:44
1391,2,Christina Curtis,kaneeric@example.net,1452,2024-07-01 14:10:50
1392,1,Amanda Diaz DVM,matthew89@example.net,1453,2024-07-01 14:10:59
1393,2,Shawn Brown,ihahn@example.org,1454,2024-07-01 14:11:08
1394,2,Kelly Price,michaelferguson@example.org,1455,2024-07-01 14:11:14
1395,1,Cody James,denisechavez@example.net,1456,2024-07-01 14:11:20
1396,1,Ashley Hickman,moramegan@example.com,1457,2024-07-01 14:11:29
1397,2,Stephen Weaver,princekristina@example.org,1458,2024-07-01 14:11:38
